Image,Color_1,Percentage_1,Color_2,Percentage_2,Color_3,Percentage_3,Color_4,Percentage_4,Color_5,Percentage_5,Color_6,Percentage_6,Color_7,Percentage_7,Color_8,Percentage_8,Color_9,Percentage_9,Color_10,Percentage_10
9164be3778c76111132e4c202cf76991.jpg,[178.56404061 199.28379054 198.32652775],27.427758815717645,[187.62797193 208.53774225 206.68111033],21.39562566924918,[168.45151337 189.0416429  188.1968906 ],16.263542454018644,[155.44194904 175.47058059 174.06398696],14.883683508125472,[14.1938331 17.5245851 16.7009838],10.837071614911396,[126.5597198  142.99715714 137.87247365],2.6876915889812714,[48.619922   60.77092555 74.18874702],2.2127133067733267,[ 89.08700673 112.23769192  98.99022552],2.190347589653145,[169.86159178 165.62700349  87.97883588],1.3127699961157302,[138.60952658  61.18644526  41.30560552],0.7887954564541866
colorbar_9164be3778c76111132e4c202cf76991.jpg,[254.97288475 254.99349347 254.97247651],88.11666666666666,[183.47436955 202.91138346 202.05903842],2.3572222222222226,[169.56356322 188.90655172 188.06977011],1.2083333333333333,[ 90.55433513 111.84423931  98.89401729],1.188611111111111,[126.114072   142.69693782 137.10939691],1.1883333333333332,[14.79534829 17.07386629 16.13966807],1.1883333333333332,[48.164446   59.9745208  73.68057504],1.1883333333333332,[137.45850865  61.09969612  42.80189341],1.1883333333333332,[168.21578025 164.70520164  87.32893045],1.1881944444444446,[155.41749503 174.76341948 173.96000468],1.187638888888889
colorbar_IMG_1070.JPEG,[254.99065151 254.98985868 254.93074142],88.11569444444444,[216.94584331 212.69901268 200.26318864],2.3775,[141.82114106 116.05296932  91.40625365],1.1904166666666667,[165.08062631 163.92393082 161.76559944],1.188611111111111,[18.83286583 14.97545582 15.957223  ],1.1883333333333332,[68.67893876 56.89095372 45.03529687],1.1883333333333332,[194.29569892 150.07713885 121.40486209],1.1883333333333332,[101.66721216  85.89853887  73.34891876],1.1881944444444446,[183.93150205 210.07036821 100.75429573],1.1881944444444446,[121.45879185 162.6875439   26.57890424],1.186388888888889
colorbar_IMG_1071.JPEG,[254.99496402 254.99115905 254.93186052],88.11583333333334,[221.40983702 216.10759974 206.04754951],2.377638888888889,[136.7823447  124.21625409 115.04764129],1.1894444444444443,[88.18137198 78.147131   76.00934907],1.1884722222222222,[23.01192146 17.0341281  16.85530622],1.1883333333333332,[183.49175921 157.04301578 149.74891876],1.1881944444444446,[215.82957335 209.83343074  99.41624781],1.1881944444444446,[64.7808043  55.21311667 43.05962123],1.1880555555555556,[174.60614917 154.98982932  59.1524433 ],1.1880555555555556,[128.44632834 103.15423293  52.56957437],1.1877777777777776
colorbar_IMG_1072.JPEG,[254.75746288 254.75382826 254.63575341],89.30305555555556,[207.55315673 200.17049831 188.9550706 ],1.1901388888888889,[68.06106959 58.72851471 54.12459131],1.1894444444444443,[173.81602617 164.93540474 150.04578904],1.1890277777777778,[145.68497312 130.03704136 114.34949755],1.188611111111111,[108.98889668  94.98550725  86.20652174],1.1883333333333332,[25.28050491 16.24731183 16.5982936 ],1.1883333333333332,[189.80675707  69.32101941  48.93652093],1.1880555555555556,[217.39546305 149.17235734  92.65423293],1.1877777777777776,[90.1517314  32.19501638 28.1758306 ],1.1872222222222222
colorbar_IMG_1073.JPEG,[254.99599326 254.97951708 254.94351159],88.11541666666668,[78.36651081 43.76762127 37.61870251],2.376388888888889,[114.65697267  98.89266527  84.65545433],1.1891666666666667,[224.32207944 218.97231308 212.74719626],1.1888888888888889,[140.91226636 129.04042056 115.07943925],1.1888888888888889,[165.14976636 156.71658879 146.00128505],1.1888888888888889,[198.97312456 189.14559477 177.10060762],1.188611111111111,[34.81897861 23.12796541 23.02372327],1.1884722222222222,[211.26949608 131.93043377  83.94306091],1.1879166666666667,[181.42999181  58.69212773  38.20786057],1.187361111111111
colorbar_IMG_1076.JPEG,[254.88351076 254.94372585 254.91295733],89.30486111111111,[ 67.05788562  79.18636626 101.84968226],1.2020833333333334,[ 99.06838604 111.11681643 123.24565293],1.1901388888888889,[11.31798528 17.78882786 27.88056562],1.1884722222222222,[193.83078182 207.90557438 220.86163375],1.1884722222222222,[138.59997663 163.80285147 199.09769779],1.1884722222222222,[41.29249474 50.89198036 60.97229366],1.1880555555555556,[ 83.34304434 122.82215982 193.84672985],1.1870833333333335,[101.48952849  87.83245583  27.93108693],1.1870833333333335,[ 58.45804774  91.12053888 157.34625384],1.1752777777777776
colorbar_IMG_1077.JPEG,[254.97131414 254.99573944 254.99693423],88.11444444444444,[ 98.05173524 141.46994791 210.1018318 ],2.3730555555555557,[139.80356935 144.42808818 152.57062872],1.1908333333333334,[231.31287914 234.07757816 239.02274848],1.1905555555555556,[161.90647986 174.81062464 194.0068885 ],1.1895833333333332,[57.03516766 61.96845426 65.98434397],1.18875,[109.40084142 115.93502396 123.93128433],1.1884722222222222,[86.17192613 90.2311828  97.71645629],1.1883333333333332,[193.3635726  199.01660042 211.30079495],1.1880555555555556,[33.26937917 35.95884485 40.98070852],1.1879166666666667
colorbar_IMG_1078.JPEG,[254.77836842 254.78423471 254.73469001],89.30486111111111,[162.69548477 167.5926963  174.82755804],1.1904166666666667,[28.00432293 29.00432293 32.72111228],1.18875,[89.00420708 93.8573098  98.00035059],1.1884722222222222,[66.28736707 69.938413   72.81558958],1.1884722222222222,[200.34229286 203.83405399 206.78123174],1.1884722222222222,[108.83239832 116.11816269 125.7800374 ],1.1883333333333332,[132.6084619  139.35366994 151.23468911],1.1883333333333332,[46.3663899  49.79920477 52.68132382],1.187638888888889,[122.84158764 184.77976818 234.59969559],1.18625
colorbar_IMG_1079.JPEG,[254.98330475 254.99343823 254.96157981],88.11555555555556,[66.11035128 73.8477994  43.21883219],2.3762499999999998,[227.17890926 229.99883218 235.05804041],1.1893055555555556,[103.49001052  92.33975932  92.40495385],1.18875,[144.72236504 152.7842954  124.57560178],1.188611111111111,[31.94659343 35.87974758 21.26282576],1.1884722222222222,[184.87495618 191.2444782  204.53874021],1.1884722222222222,[124.71411875 154.77302478 201.01998597],1.1883333333333332,[165.3408533  115.23202805  96.47375804],1.1881944444444446,[106.31073182 128.59784896  60.00187047],1.1880555555555556
colorbar_IMG_1080.JPEG,[254.98227562 254.9936022  254.95454868],88.11625,[48.45001461 51.05100789 33.67770961],2.3770833333333337,[171.14616096 180.82284921 192.51248844],1.201111111111111,[217.33403435 222.7788293  222.47540601],1.18875,[ 93.12388967 101.78950444  57.41584853],1.1883333333333332,[129.7683497  126.16538102  88.47206639],1.1883333333333332,[185.15521272 134.20359981 113.47568957],1.1883333333333332,[107.40369331 139.97650771 191.5458158 ],1.1883333333333332,[7.9656261  8.02899567 6.24073425],1.1879166666666667,[163.34286389 189.51358696 113.90217391],1.1755555555555555
colorbar_IMG_1081.JPEG,[254.82181644 254.80845217 254.77420087],89.30319444444444,[214.45774977 211.27194211 208.28606443],1.1900000000000002,[91.94589857 90.94718392 87.391914  ],1.188611111111111,[116.76931167 114.0925558  107.318219  ],1.1884722222222222,[140.79291808 136.15040318 130.18756574],1.1884722222222222,[164.80902291 161.17075736 158.32269752],1.1883333333333332,[67.0269986  67.81965872 63.27185601],1.1883333333333332,[189.67741935 186.28599813 183.35355306],1.1883333333333332,[5.06265342 5.95932203 7.89035652],1.1881944444444446,[38.04407295 39.93476736 35.4678513 ],1.1880555555555556
colorbar_IMG_1082.JPEG,[254.97807477 254.99682549 254.99326166],88.1151388888889,[114.49818819 126.78714202 147.6603156 ],2.376388888888889,[226.27842634 229.03817418 233.91151062],1.1897222222222221,[150.03107114 158.88108866 174.15185142],1.1890277777777778,[93.97161547 96.92243897 88.54701554],1.1890277777777778,[58.28315999 62.81477153 57.29788477],1.1884722222222222,[25.20733988 28.83193081 31.79079009],1.1883333333333332,[191.14259    195.14188873 204.06708742],1.1883333333333332,[3.89373393 4.95277063 9.06219313],1.1880555555555556,[ 79.50163743 108.16701754 163.11859649],1.1875
colorbar_IMG_1083.JPEG,[254.97329754 254.99445177 254.9751023 ],88.11611111111111,[ 86.17493274 119.20236285 187.20955667],2.374722222222222,[209.03618497 212.72947977 223.12046243],1.2013888888888888,[137.40746356 162.58600583 198.90763848],1.1909722222222223,[127.63320103 113.11604016  91.98832594],1.1897222222222221,[58.77120823 65.52535639 76.59499883],1.188611111111111,[166.37248714 147.14352501 121.03225806],1.1883333333333332,[26.24012158 28.90565817 36.82779986],1.1880555555555556,[192.53980332 173.84909857 145.23999063],1.186388888888889,[212.61039575 193.85469581 164.70832841],1.1756944444444444
colorbar_IMG_1084.JPEG,[254.96331685 254.99363999 254.98441758],88.11569444444444,[142.07014262 165.91816694 197.75040917],2.3761111111111113,[213.63007466 218.36385908 226.41332245],1.1905555555555556,[ 90.42507003  96.732493   105.19222689],1.1900000000000002,[167.47856058 152.31019979 126.7717023 ],1.18875,[45.30092322 54.82201706 64.72431927],1.1884722222222222,[ 96.1944834  132.93641889 193.45196353],1.1883333333333332,[21.09795441 23.8993571  33.28264173],1.1881944444444446,[210.49221949 194.02527203 167.12987013],1.1870833333333335,[ 44.10696314 106.58607373 169.47911059],1.1868055555555554
colorbar_IMG_1086.JPEG,[254.94959137 254.99604057 254.99377556],88.11597222222223,[ 77.80449465 120.93437332 199.57294842],2.32375,[125.23167421 147.97386878 172.2780543 ],1.2277777777777779,[ 98.74471972 119.69003311 140.41454504],1.2165277777777779,[212.11867772 220.89195187 235.76813456],1.1890277777777778,[ 78.96388921  95.94320439 106.07257216],1.1884722222222222,[51.73281907 62.89773259 68.43571763],1.1883333333333332,[155.20561075 184.87153711 220.21963764],1.1881944444444446,[12.02186112 21.91886837 32.18587795],1.1880555555555556,[117.53904401 161.01916706 223.14185991],1.173888888888889
colorbar_IMG_1087.JPEG,[254.71388735 254.76552595 254.76911233],89.30388888888889,[205.99264534 206.99929956 208.7682699 ],1.1897222222222221,[70.06940063 68.92767847 65.33111345],1.18875,[164.76101437 153.1152273  139.1723735 ],1.1884722222222222,[105.24777934  97.3915381   91.77255727],1.1883333333333332,[144.79815334 164.70862553 202.44997662],1.1883333333333332,[10.98036236 12.93652835 10.00268849],1.1881944444444446,[39.9761543  39.97603741 39.97556984],1.1881944444444446,[187.0642974  178.94400281 166.09749825],1.1880555555555556,[131.96212298 127.187047   121.34989479],1.1880555555555556
colorbar_IMG_1088.JPEG,[254.99202276 254.99325536 254.98458301],88.11527777777778,[180.19339181 177.50596491 171.82111111],2.375,[231.08873322 230.96847636 228.96906013],1.1895833333333332,[207.06982718 206.01214386 202.33290518],1.1894444444444443,[149.02055835 147.99240743 144.40871394],1.1890277777777778,[80.17319154 83.83183359 86.9680963 ],1.1884722222222222,[107.93162693 107.97942964 106.08590463],1.1883333333333332,[44.06907433 48.01157083 56.91316036],1.1883333333333332,[15.8701496  22.08870968 37.8044647 ],1.1883333333333332,[127.92589129 126.98258328 124.98258328],1.1881944444444446
colorbar_IMG_1089.JPEG,[254.95240709 254.95478036 254.91310819],89.30486111111111,[178.90042027 180.05054868 181.79208499],1.1897222222222221,[72.92860481 73.94391213 68.14255667],1.188611111111111,[99.08250555 98.1780998  93.02325581],1.1884722222222222,[144.90977092 137.12459093 124.27325853],1.1883333333333332,[10.23378141 13.03962595 17.82700175],1.1881944444444446,[42.99286967 44.91852718 42.06370544],1.1881944444444446,[121.85433715 117.93196166 107.39642273],1.1880555555555556,[200.00163704 204.05764733 212.82413471],1.1877777777777776,[159.89113658 159.07998129 153.94890084],1.1877777777777776
colorbar_IMG_1090.JPEG,[254.9624204  254.99582624 254.99500347],88.11666666666666,[ 99.25059495 131.93562589 194.27998572],2.3344444444444443,[ 98.15329869 112.42792589 138.23531405],1.2294444444444446,[146.6629659  159.02435709 183.16721423],1.2259722222222222,[52.1858862  63.86855941 77.99929898],1.18875,[182.3016244  193.14514433 210.82867828],1.1884722222222222,[ 5.75222066  6.95254792 12.27419355],1.1883333333333332,[ 78.29023963  89.0868498  106.72273524],1.1881944444444446,[30.44809446 37.35386953 49.26911386],1.1880555555555556,[131.80511336 165.18656536 216.99445248],1.1516666666666666
colorbar_IMG_1091.JPEG,[254.96673098 254.99585142 254.99688068],88.11583333333334,[135.33335314 170.69546616 220.0912116 ],2.3375,[177.33382436 190.75399433 207.87898017],1.2255555555555555,[126.95869866 139.99273189 156.87517305],1.2038888888888888,[215.29432376 221.92326559 231.54636767],1.1891666666666667,[80.67095116 88.22131339 96.13589624],1.188611111111111,[ 99.98480776 111.89061587 126.3491878 ],1.1884722222222222,[58.04897721 66.77884278 66.69129164],1.1881944444444446,[27.20853302 34.21531268 41.071654  ],1.1881944444444446,[100.99207757 134.21816247 200.15561074],1.1745833333333333
colorbar_IMG_1092.JPEG,[254.96737554 254.99645037 254.9970178 ],88.11555555555556,[138.48999411 170.14014126 216.55956445],2.3601388888888892,[125.73713299 139.80437536 153.48347726],1.20625,[180.85254413 192.76785508 208.56063228],1.2033333333333334,[222.23148797 224.90656389 232.87724831],1.1891666666666667,[59.5853972  68.27978972 71.17184579],1.1888888888888889,[ 98.14514433 110.08928363 121.94612598],1.1884722222222222,[79.99252074 90.85567372 96.19457754],1.1884722222222222,[36.05730994 41.8697076  42.2754386 ],1.1875,[ 97.84016588 134.78151659 199.24609005],1.1722222222222223
colorbar_IMG_1093.JPG,[254.96292    254.99705567 254.99419014],88.11652777777778,[68.72023984 76.27358768 67.77461642],2.3625,[139.90076854 162.07990506 181.95309675],1.228888888888889,[ 92.56146026 104.64926063 105.16739834],1.2023611111111112,[111.16040159 127.909993   135.88150829],1.1897222222222221,[192.04335632 213.90160103 227.66448522],1.1884722222222222,[14.80271155 23.15112202 26.03728378],1.1883333333333332,[148.93077643 187.12839102 223.40715622],1.1877777777777776,[ 93.61284661 138.82356382 197.73827074],1.1870833333333335,[115.33732463 161.80079826 217.53543783],1.1483333333333334
colorbar_IMG_1094.JPEG,[254.99808216 254.99031144 254.94403412],88.06208333333333,[84.8974284  68.60753945 59.25201636],2.376388888888889,[246.22555046 237.68905778 204.9916173 ],1.242638888888889,[162.22580273 143.05624856 129.02148302],1.2025,[124.96267622 107.98428472 101.40524613],1.2019444444444445,[227.17277791 207.30946855 160.00371316],1.1969444444444444,[31.81561112 28.07408273 27.00864688],1.188611111111111,[224.63025309 187.3205415  102.32866392],1.179861111111111,[157.50011823 116.25561598  67.71210688],1.1747222222222222,[199.62223536 149.50136014  73.90656416],1.1743055555555555
colorbar_IMG_1095.JPEG,[254.99753163 254.9867865  254.91491693],88.11486111111111,[186.23289991 111.75530692  27.21638948],2.296666666666667,[161.13138846 125.74665497  68.2775828 ],1.26625,[218.59773306 183.81806616 118.52995605],1.2008333333333332,[219.96767417 213.09581048 194.48056949],1.1901388888888889,[137.0952381  131.75910364 129.10154062],1.1900000000000002,[92.98960159 82.18623671 76.99474238],1.18875,[31.13895057 25.95395583 21.74874372],1.1884722222222222,[62.57020928 54.24658015 48.8379516 ],1.1879166666666667,[207.66509211 162.94650449  70.77633444],1.176111111111111
colorbar_IMG_1100.JPEG,[254.99776492 254.9898586  254.95811194],88.1151388888889,[216.94040587 206.43283233 192.38511024],2.374861111111111,[242.02425939 238.10496851 226.13564264],1.1908333333333334,[190.12845965 176.17307019 163.10697186],1.1893055555555556,[91.90525701 81.97324766 73.2135514 ],1.1888888888888889,[146.04872634 132.11521384 119.18976396],1.188611111111111,[74.7230014  57.8757597  51.11617578],1.1883333333333332,[168.96633548 155.8340152  140.6025716 ],1.1881944444444446,[118.63981763 106.88484919  94.98293196],1.1880555555555556,[45.88868101 36.81910664 32.19434051],1.1877777777777776
colorbar_IMG_1104.JPEG,[254.98730538 254.97271461 254.93538574],88.11694444444444,[151.99124686  70.46318173  33.44842994],2.2691666666666666,[145.11756496  88.75724715  69.28333691],1.2934722222222224,[172.94812021 121.03279625 106.40543938],1.2154166666666668,[92.1995568  40.43200373 22.75484021],1.1908333333333334,[168.24179035 181.09956761 196.20322543],1.1884722222222222,[218.8854605  156.38721365 128.82748948],1.1883333333333332,[14.38059614  8.7710111   6.13547633],1.1881944444444446,[190.36197825 231.09049456 248.18449667],1.1879166666666667,[197.6024399  110.098194    64.79739266],1.16125
colorbar_IMG_1111.JPG,[254.99469769 254.99137665 254.9419693 ],88.11666666666666,[69.01970645 67.53792176 39.80211684],2.375138888888889,[120.28390597 113.58736438  67.18139693],1.228888888888889,[27.26711049 28.1513665   9.88600794],1.1891666666666667,[204.90218535 200.23968681 193.41860465],1.1884722222222222,[153.14339138 154.82809396 153.75937829],1.1884722222222222,[195.86298808 173.3368015  147.37315876],1.1880555555555556,[168.63385551 144.95873276 109.64589666],1.1880555555555556,[101.14110139 105.29922004 112.73930513],1.1752777777777776,[165.45020921 111.15827854  54.69240885],1.1618055555555555
colorbar_IMG_1114.JPG,[254.98805872 254.99018659 254.97616   ],88.11638888888889,[179.09842773 190.05137647 209.25074522],2.3762499999999998,[145.41558593 147.89099194 155.77322117],1.18875,[103.26580208 106.10012852 120.35074191],1.18875,[222.97289086 220.97160552 221.79586352],1.188611111111111,[69.98679598 58.08681935 58.13005375],1.188611111111111,[203.22907901 169.0926835  149.62599345],1.1883333333333332,[151.428872   126.13594389 111.15604909],1.1881944444444446,[24.06242693 18.79471592 16.47311199],1.1880555555555556,[116.34159458  90.96574702  78.47755436],1.1880555555555556
colorbar_IMG_1115.JPEG,[254.96924656 254.98895864 254.97370723],88.11569444444444,[22.01320788 15.93623985 16.20168313],2.3765277777777776,[230.22392244 225.03153837 219.11587431],1.1890277777777778,[203.16288853 193.97183921 185.07571863],1.188611111111111,[145.27147365 114.30372794 101.254061  ],1.1884722222222222,[174.66670562 150.3147131  137.48474933],1.1884722222222222,[73.61465638 50.94389902 45.05960729],1.1883333333333332,[ 98.24111734 204.45079476 241.95652174],1.1883333333333332,[ 39.06136045 135.86079944 197.70406732],1.1883333333333332,[113.82676797  84.07808299  74.56434833],1.1881944444444446
colorbar_IMG_1116.JPEG,[254.99807073 254.98708146 254.93590223],88.11625,[80.69340891 56.58069417 36.33972187],2.3769444444444443,[123.78682081  96.67352601  80.13583815],1.2013888888888888,[162.83023014 149.52792876 145.41228172],1.200972222222222,[227.21252483 219.48498656 210.25563734],1.18875,[208.72592333 192.52805049 171.73410472],1.1883333333333332,[164.31451613 125.30726975  73.61185133],1.1883333333333332,[38.80970193 21.88579778 15.26428989],1.1881944444444446,[195.07985824 161.01760189 113.20921441],1.1756944444444444,[125.78796833  82.32029311  34.78064059],1.175138888888889
colorbar_IMG_1117.JPEG,[254.99675922 254.98471823 254.9355155 ],88.11333333333333,[119.87938584  95.01517894  70.00175142],2.379027777777778,[225.4582556  219.99323694 215.30608675],1.1911111111111112,[152.03082672 133.9120738  113.8244979 ],1.1894444444444443,[62.97383789 46.93085728 32.42373277],1.1891666666666667,[207.71880841 190.14544393 169.77990654],1.1888888888888889,[175.6884058  158.98211781 143.15673212],1.1883333333333332,[27.43284629 18.53068381 15.65821157],1.1881944444444446,[117.11254095  54.05510061  20.5396584 ],1.1872222222222222,[173.94305132 115.09175064  30.71185845],1.1852777777777779
colorbar_IMG_1120.JPEG,[254.99352646 254.99376605 254.98200271],88.1151388888889,[152.2578157  151.09145094 150.42850465],2.3768055555555554,[220.43355908 226.91756189 236.57368052],1.1894444444444443,[68.9569993  68.00876373 66.26115915],1.188611111111111,[204.28978733 207.80906754 210.51542416],1.188611111111111,[98.7596401  95.13975228 92.17807899],1.188611111111111,[183.83428772 175.04195396 166.32160804],1.1884722222222222,[19.01250731 19.84722385 15.26253653],1.1881944444444446,[126.66639392 123.11876096 120.24418469],1.1881944444444446,[45.92914767 44.9883082  41.40886239],1.1879166666666667
colorbar_IMG_1122.JPEG,[254.87826188 254.90001789 254.82326612],89.30486111111111,[26.46670561 23.25221963 21.99147196],1.1888888888888889,[142.94262678 141.94449638 138.18100023],1.188611111111111,[81.68298668 78.08272961 75.19303576],1.188611111111111,[205.80600678 196.0868295  186.0877644 ],1.1884722222222222,[121.06042543 120.06042543 116.34303413],1.1883333333333332,[102.54663394  99.91865358  95.09326788],1.1883333333333332,[55.84662146 50.80114566 48.18155249],1.1880555555555556,[180.81412205 167.42027122 163.34077625],1.1880555555555556,[4.01169317 3.97942002 3.9255145 ],1.1877777777777776
colorbar_IMG_1131.JPEG,[254.97474005 254.99616514 254.99773502],88.11708333333334,[224.46121924 234.75486586 241.88701853],2.3762499999999998,[27.40028041 33.90197453 42.1858862 ],1.18875,[44.81276297 52.02232352 61.59513791],1.1883333333333332,[64.18466573 74.01858345 82.69237962],1.1883333333333332,[ 97.21166433 113.00701262 127.30937354],1.1883333333333332,[134.8457223  145.90871903 152.02021973],1.1883333333333332,[172.25035063 184.74859748 193.74193548],1.1883333333333332,[ 80.93091759  94.75943892 107.89175921],1.1881944444444446,[11.87023615 17.0160159  21.17477204],1.1880555555555556
colorbar_IMG_1135.JPEG,[254.96182038 254.99333539 254.99057529],88.11055555555556,[13.77779727 28.48090308 71.9610458 ],2.3745833333333333,[227.30050006 247.86219328 251.03198046],1.1943055555555555,[28.07486007 44.88689366 90.53882929],1.1911111111111112,[10.93129236 11.09090909 20.12689881],1.188611111111111,[177.60979315 204.91480659 241.81313544],1.1884722222222222,[142.3813698  124.13861618 118.62646096],1.1883333333333332,[115.76718093 150.77676484 202.02805049],1.1883333333333332,[ 67.12790834  98.79059979 158.62726529],1.1879166666666667,[ 46.70498129  65.22298877 113.87593545],1.1877777777777776
colorbar_IMG_1136.JPEG,[254.35330922 254.65281217 254.90876714],89.30444444444444,[29.61735827 35.37007598 64.44178843],2.376388888888889,[158.64270857 143.42408135 125.71053848],1.2019444444444445,[84.81085181 78.9487748  81.39766628],1.1902777777777778,[142.28491294 179.93058315 233.788711  ],1.1884722222222222,[ 90.19086022 113.08882655 180.75771388],1.1883333333333332,[ 50.4608543   70.87524868 126.6327677 ],1.1868055555555554,[199.7694126   88.5277154   82.17610212],1.175138888888889,[ 11.20521931  94.76464102 219.72825288],1.1336111111111111,[ 32.07379135  90.77608142 177.68193384],0.05458333333333333
colorbar_IMG_1137.JPEG,[254.96723909 254.98978183 254.98287301],88.09194444444445,[10.03068919 17.00450108 36.25626936],2.3759722222222224,[119.51246035 110.58212506  98.78092433],1.2261111111111112,[215.60773987 232.2231509  249.97732997],1.2130555555555556,[ 42.33574131  65.80128426 132.34032794],1.21125,[41.02230006 51.93613543 81.25639229],1.1895833333333332,[143.5006429  188.85493863 238.30531853],1.1881944444444446,[109.29942101 120.07609595 173.59447005],1.1754166666666666,[ 19.92035293  99.04995827 219.06569691],1.1648611111111111,[172.70315111  74.82119838  72.80293626],1.1636111111111112
colorbar_IMG_1145.JPEG,[254.713956   254.78223287 254.8008445 ],89.30347222222223,[125.20618076 123.9464723  120.0348688 ],1.1909722222222223,[201.49784005 204.86853473 205.59497957],1.1895833333333332,[63.98785331 63.         59.52476057],1.1891666666666667,[150.03283861 149.04323945 145.34755171],1.1884722222222222,[171.96412294 171.93070001 169.8729695 ],1.1884722222222222,[94.02185601 89.08438523 83.44460028],1.1883333333333332,[14.02793688 15.05330216 16.93851549],1.1881944444444446,[39.97462285 40.03718863 38.11121506],1.187638888888889,[150.31849596 117.97493265  85.91097575],1.1856944444444444
colorbar_IMG_1153.JPEG,[254.90288093 254.92226459 254.94670195],89.23611111111111,[239.76411446 242.36902    247.13423931],1.2570833333333333,[231.36464153 234.04364525 239.0358473 ],1.1933333333333334,[199.18489553 202.98085678 211.87731995],1.1898611111111113,[21.9427637  23.94895456 22.96227076],1.1890277777777778,[84.88220171 84.96996611 84.99953255],1.1884722222222222,[144.14923454 145.0095828  146.72969499],1.1884722222222222,[42.87115632 43.80614989 39.33999766],1.1879166666666667,[4.97229042 5.97065357 9.70162516],1.1879166666666667,[221.37536726 223.80303208 232.94464684],1.1818055555555556
IMG_1070.JPEG,[103.42760376  88.75064591  78.45774679],16.66914621988932,[80.482746   66.83356303 49.91411176],13.061809539794922,[16.44167777 13.24364299 15.89965658],12.964630126953125,[209.45005243 204.01352024 187.43436884],12.058003743489582,[178.98914807 168.26292    162.7729704 ],9.87539291381836,[229.62766999 226.45314195 216.55581135],9.583632151285808,[166.8785171  137.69623173 117.80008755],7.547283172607422,[52.48082972 41.57875933 33.42279171],7.241503397623698,[138.86126432 116.83952441  63.65938425],6.208324432373047,[178.07267729 205.19794039  88.0308012 ],4.790274302164713
IMG_1071.JPEG,[87.69559818 78.70432233 75.65949517],17.98607508341471,[223.81361978 219.01573272 211.50210508],17.787869771321617,[136.74247372 124.34355277 115.80968058],14.210319519042969,[23.05459048 16.47383026 17.50202661],13.554096221923828,[63.21821088 54.17906163 42.09024927],10.817941029866535,[186.87223864 161.5668605  155.14740555],9.00093714396159,[127.80736486 101.99206631  52.45882997],6.794166564941406,[170.53478195 151.72143475  63.15468122],5.423863728841146,[211.57512241 217.65661908 125.37906366],2.9087066650390625,[229.99564288 187.44541036  48.68957644],1.5160242716471353
IMG_1072.JPEG,[100.07808157  85.21657834  76.71698888],14.479955037434896,[126.8673268  111.52900228  97.79204302],14.360555013020834,[63.56568973 55.98157485 51.28999082],13.095760345458984,[24.03440581 15.40975431 16.87345253],11.687374114990234,[157.70062651 145.62401553 130.14381325],11.444505055745442,[198.24172551 191.96842246 179.52858178],10.213311513264973,[91.67902965 31.55872508 28.08524976],8.654721577962238,[235.37464099 234.82191432 228.92941339],7.116921742757161,[194.31616796  70.67730741  47.73370981],5.587069193522135,[213.7127782  155.38677857  96.21105243],3.359826405843099
IMG_1073.JPEG,[76.21651055 47.32509782 41.41630497],16.936747233072914,[107.7744365   93.44072332  80.98226944],14.992586771647135,[136.24842508 123.77592306 108.24216655],13.929621378580729,[41.3050173  22.37732083 21.180711  ],12.630335489908854,[159.23011515 152.23026511 145.12181236],12.08483378092448,[196.00302601 187.35255804 176.64961741],9.740893046061199,[224.18133353 219.20270009 211.32950132],8.4197998046875,[171.14129587  52.52430529  31.95123063],4.6037356058756504,[200.23725443 163.38501007 111.97423337],3.694915771484375,[211.54414301 103.26212688  61.5399231 ],2.966531117757161
IMG_1076.JPEG,[ 76.66672875  90.23438501 112.93424288],14.26703135172526,[248.19345979 250.9144836  251.62027489],13.26592763264974,[53.93748781 65.38018397 80.08813142],13.143253326416016,[32.47524954 42.23091669 49.5676425 ],12.872632344563803,[ 7.89234567 14.639423   23.63215364],12.642542521158854,[ 86.71125806 128.58753495 198.63611022],11.824417114257812,[ 58.88487963  92.85647722 160.93094185],9.487056732177734,[177.72506107 195.02616438 215.15586862],5.9803009033203125,[120.78366332 131.05943668 134.7402568 ],4.062843322753906,[103.35637278  89.25449645  24.81516612],2.4539947509765625
IMG_1077.JPEG,[33.82048679 37.61845504 41.14251027],15.811665852864584,[86.422879   91.49846944 97.59856479],13.861910502115885,[57.59159816 62.47242942 67.2371419 ],12.969112396240234,[110.31776876 116.02611602 123.70772393],12.09729512532552,[ 83.24108296 131.16033989 208.82927663],11.813958485921223,[138.99094399 145.00887561 150.87856648],8.82883071899414,[194.25913068 200.69929978 211.58889114],7.527414957682292,[111.27742173 154.09299263 215.65331492],6.904919942220052,[162.62568469 174.20659855 193.89166548],6.727155049641927,[231.80685851 235.34749471 239.01219086],3.4577369689941406
IMG_1078.JPEG,[44.47500272 46.60607597 48.92600091],15.55013656616211,[25.57754413 28.10263413 32.16580849],12.829017639160156,[61.60202989 65.03544979 67.6792462 ],12.352689107259113,[82.20706185 87.12390257 91.03854394],10.633150736490887,[102.54215982 110.56153117 118.20639084],10.435962677001953,[125.88829032 134.7481434  144.25300988],10.179996490478516,[121.5125732  185.07865926 235.79457302],8.441003163655598,[154.67515479 162.00113784 170.06592832],7.6193491617838545,[198.66180929 201.81375958 203.59555063],6.139628092447916,[239.875378   238.46148607 235.48208205],5.819066365559896
IMG_1079.JPEG,[59.65606298 55.7519131  54.25311005],14.19531504313151,[30.85960727 35.23899568 18.15634263],13.099129994710287,[67.95134127 90.194624   27.39795403],11.648813883463543,[156.30852462 173.78596375 200.4602995 ],11.319541931152344,[93.98890043 83.20890096 79.48268058],10.752137502034504,[212.08589149 217.66594902 224.56137404],10.276412963867188,[162.76228175 111.71669131  94.40513259],8.995532989501953,[106.4793488  130.67969581  60.61265986],8.930555979410808,[116.1221572  119.25974617 125.58974842],6.073443094889322,[164.22981997 168.65161897 117.9452237 ],4.709116617838541
IMG_1080.JPEG,[8.57533639 8.82751476 6.50159769],17.170651753743492,[150.90637939 166.56980315 192.27908122],13.552093505859375,[35.43906139 38.24812969 23.10552167],12.319374084472656,[62.98647809 64.32295064 45.44466631],12.060070037841797,[209.65772212 215.66208938 220.17336429],11.048730214436848,[179.97997215 126.43516637 107.08921326],8.53751500447591,[ 89.99609739 115.42374453  45.16093448],7.0929209391276045,[114.11930072  93.19860871  83.893671  ],6.995582580566406,[131.36947381 154.37885173  89.93849694],6.6137949625651045,[184.93042183 191.84293959 133.533945  ],4.609266916910807
IMG_1081.JPEG,[6.26613735 7.1192189  7.65427752],17.50354766845703,[98.65390251 96.43831053 96.15371936],11.997063954671223,[129.01990508 121.59814435 119.65566775],11.77660624186198,[72.76007515 73.14359443 69.57239141],11.217753092447918,[179.45008477 176.46462722 173.65182739],10.788504282633465,[152.88943    149.49313412 146.15712563],10.626888275146484,[207.524407   204.79517151 202.74944185],9.77500279744466,[42.64333671 44.15252109 39.99696244],7.317924499511719,[239.90083831 238.02574639 236.16869967],7.132816314697266,[122.00213723 134.828526    69.39725067],1.8638928731282551
IMG_1082.JPEG,[ 5.35175848  7.24976422 11.38912113],19.477176666259766,[ 78.99739269 108.74533807 163.27871126],15.474669138590494,[105.42942162 133.26412772 175.15354108],12.937736511230469,[122.89706089 134.44345891 151.30237181],10.422007242838543,[153.51585354 163.03049502 177.92565427],9.744803110758465,[194.71175596 198.77934691 205.34971967],8.815161387125652,[106.36880053 110.75164368 102.7395394 ],6.912422180175781,[34.2967183  39.97337829 40.23367224],6.869316101074219,[74.35987202 77.91799556 70.0613593 ],5.707009633382162,[229.25307569 232.03019375 235.9976774 ],3.639698028564453
IMG_1083.JPEG,[ 93.41349243 129.92396937 196.79859087],17.92135238647461,[209.16077931 190.11044628 159.95998961],16.76025390625,[182.96647361 163.34689243 133.81873396],13.424269358317057,[ 76.10672777 110.28724137 178.73228571],11.723677317301433,[136.05615786 162.45257536 199.93101736],10.663604736328125,[39.63694468 46.44516978 56.36758436],8.423741658528645,[146.65257234 128.64330771 103.33404729],7.5628916422526045,[18.72045078 20.01587372 25.07438209],5.683104197184244,[79.80187868 83.06730769 87.16910173],4.599825541178385,[208.17624202 213.71133636 223.0914131 ],3.237279256184896
IMG_1084.JPEG,[ 92.8825022  131.87373466 194.60292358],17.828146616617836,[124.46980632 157.74933262 203.73729838],15.585931142171225,[39.79108823 48.7372019  60.69512939],12.688795725504557,[215.66755654 198.9443073  169.50987932],12.480990091959637,[19.16512473 20.67665054 27.83119293],9.056631724039715,[186.7899424  169.14846147 140.53616259],8.07822545369466,[159.20799432 175.04745807 194.63648033],7.975673675537109,[77.42997095 87.6152152  99.23239145],7.384045918782552,[141.0450488  129.49041672 111.59346504],5.002880096435547,[214.02543803 219.44726639 226.78882219],3.9186795552571616
IMG_1086.JPEG,[ 70.03274647 110.0853225  191.70879531],17.498048146565758,[ 86.61157639 132.53241218 210.41515609],15.99899927775065,[ 99.84596619 121.41781409 139.85165334],12.860488891601562,[ 80.41951653  96.38955862 106.08581308],11.992931365966797,[117.04101845 161.95801589 224.42728419],10.163625081380207,[51.85749726 63.51936053 67.15336454],8.360671997070312,[124.06683613 148.71113811 172.47414338],7.644589742024739,[155.48886373 185.67505007 221.19964345],6.775379180908203,[12.11530473 22.2574324  33.2779068 ],6.468772888183594,[211.96802214 221.76626215 235.6624654 ],2.236493428548177
IMG_1087.JPEG,[190.27392182 181.24546668 169.7631957 ],14.996623992919922,[12.36849501 14.58439366 11.09082529],14.093367258707682,[169.53636589 157.97838459 142.87530376],13.18674087524414,[140.90367505 134.47107187 127.33668421],12.04703648885091,[205.84420448 208.05984901 209.23715935],9.735647837320965,[114.23752685 107.73204436  98.92063655],9.647369384765625,[82.74871459 79.49363119 73.65511514],9.355322519938152,[47.45534374 48.29620501 46.24727405],8.657646179199219,[235.17252614 238.89542056 240.04523747],4.5663515726725254,[143.38603054 165.68647913 201.23787796],3.7138938903808594
IMG_1088.JPEG,[201.35939061 199.03448902 194.65802763],16.14354451497396,[162.06984885 159.29891601 155.68111409],14.544423421223959,[182.92723002 179.08118941 173.90020199],12.06032435099284,[216.95504035 215.01564808 210.15949911],11.532847086588543,[140.53993988 138.31114751 135.65399257],11.15090052286784,[117.30994478 116.95419094 115.96393541],10.447406768798828,[233.823923   235.05039471 234.15125748],8.665974934895832,[89.539922   90.94549388 92.80573214],5.989710489908854,[47.42972528 51.74331275 60.377915  ],4.750760396321615,[17.25350935 24.48753354 38.47903154],4.714107513427734
IMG_1089.JPEG,[101.6879475  100.1958919   93.88428405],13.919321695963541,[126.80764911 121.3991672  110.53256107],13.656965891520182,[163.72222788 162.81813428 159.95321563],11.23679478963216,[11.00492452 14.27881224 18.34210859],10.80770492553711,[149.61822602 143.58538984 130.69314526],9.81912612915039,[200.26079707 205.9826055  214.59327604],9.76877212524414,[181.96614263 183.6670921  186.44048429],9.035142262776692,[252.42267395 253.04829038 251.86197307],7.762050628662109,[43.66963237 45.92439692 43.75925107],7.078138987223308,[74.88053488 75.4191054  69.24792773],6.915982564290364
IMG_1090.JPEG,[132.53541802 165.98104238 217.01932214],12.702655792236328,[108.61289355 143.52541138 204.88408855],11.932849884033203,[ 5.01641838  7.18499598 12.33079253],11.431280771891277,[ 79.20906115  91.6575827  109.41085139],11.33248011271159,[54.87058973 65.60971776 79.83496514],9.746996561686199,[30.29927704 39.33698095 50.03560015],9.51973597208659,[ 98.58160698 114.02138435 138.079073  ],9.517796834309895,[ 89.85081391 122.0941921  185.71548702],8.827177683512371,[147.16956582 160.0482754  182.560727  ],7.573413848876953,[182.32749324 194.55101103 213.05634311],7.415612538655599
IMG_1091.JPEG,[80.74286193 91.32856541 97.34728705],16.61116282145182,[124.38203565 163.51067494 218.98217623],13.661702473958334,[179.39187622 191.52184618 209.75047173],13.217512766520182,[60.62537703 68.64026278 68.72950264],11.053721110026043,[ 99.26681156 135.84910092 200.32806391],9.244410196940105,[102.52456136 114.76772232 128.40407956],8.618354797363281,[149.7242366  181.6069869  223.70596929],8.066590627034504,[28.68575809 36.63401777 41.32571972],7.754929860432942,[129.2152609  142.12392514 159.64904932],6.641991933186849,[216.18447972 222.67190891 232.07186787],5.1296234130859375
IMG_1092.JPEG,[ 90.99374075 103.33427916 111.18559719],17.046737670898438,[69.47341942 79.7036403  82.67656826],16.36174519856771,[ 97.30032373 134.62744164 199.58817937],13.943703969319662,[139.03241407 173.62921108 221.18743749],10.426934560139973,[117.30614449 131.18636439 145.12374279],10.228411356608074,[43.43301039 51.18037097 51.81212824],9.209251403808594,[181.9659789  196.66255848 217.12661117],8.197530110677082,[120.97419471 155.09319311 206.07749599],7.9257965087890625,[168.8531775  175.874393   186.89296534],3.5841941833496094,[225.48760416 228.7235661  233.42656414],3.075695037841797
IMG_1093.JPG,[75.40272197 84.26041431 76.67623443],14.125241126543209,[115.73210675 163.41549375 219.04661049],13.283805941358024,[ 93.28507847 139.50784746 199.95203564],11.896604938271604,[ 92.95439603 104.42574209 102.69848148],11.873794367283951,[149.0973296  189.17776689 225.66787081],11.704041280864196,[61.29627741 66.89415851 53.97244847],11.698447145061728,[112.33050737 128.0441943  135.27639844],8.052035108024691,[192.57225894 214.31432327 229.90293183],6.604021990740741,[139.56083528 163.42016229 179.83269151],6.299816743827161,[14.25017324 22.85364243 26.85831998],4.4621913580246915
IMG_1094.JPEG,[31.49792542 28.04083386 27.14428708],23.052914937337242,[119.14239219 100.32878453  94.39762978],12.949307759602865,[102.43953037  79.80486014  61.74571142],12.72109349568685,[144.50109815 124.89168685 116.84504634],9.019025166829426,[69.8538419  56.20239178 51.69024376],8.736483256022137,[174.51283339 129.61535809  69.04031049],8.475907643636067,[226.9941903  184.28636752  92.07631155],8.394908905029297,[230.19165283 212.23630445 160.7724511 ],7.6694488525390625,[184.38357124 162.1129485  133.94359159],5.315367380777994,[247.17574074 238.71793889 208.62153573],3.6655426025390625
IMG_1095.JPEG,[62.64591018 54.90948382 49.52437597],21.381664276123047,[177.57362663  98.48577543  20.66094401],19.126160939534508,[93.37811917 83.54011758 76.71734634],11.297194163004558,[32.89387345 26.36827077 23.63302579],10.787932078043621,[198.09327916 128.45236382  34.09075423],10.03700892130534,[209.11656267 163.84673026  73.34083278],8.832613627115887,[220.06618163 185.03167438 118.36662169],7.594490051269531,[159.61365145 124.63554432  67.29339232],5.041058858235678,[136.56583316 132.04440843 129.67735628],3.609307607014974,[219.16103319 213.34079989 193.81556728],2.2925694783528643
IMG_1100.JPEG,[212.21439952 199.60612244 184.80367617],13.78332773844401,[192.82660724 180.3012664  165.86182179],12.293624877929688,[73.97757511 58.71689608 51.58935215],11.651134490966797,[172.71443093 158.50474796 143.88763403],11.251862843831379,[226.46894801 218.70270519 205.9623484 ],11.112944285074871,[93.58370907 82.4207368  73.73900891],10.554854075113933,[148.30459309 134.31563303 121.26694468],9.297911326090496,[120.26549852 107.8223572   97.36478699],8.16977818806966,[245.0515783  239.5956016  228.35858705],6.4945220947265625,[46.14256758 37.54139527 33.29886147],5.390040079752604
IMG_1104.JPEG,[165.85397858  81.95687222  43.92669058],19.537766774495445,[14.79487455  8.42554663  7.92018481],17.197672526041664,[137.86805205  60.47341391  28.16109903],16.470845540364586,[190.4491109  234.8623178  251.95455901],9.916273752848308,[197.89048829 111.12201242  68.39599605],7.803122202555339,[92.97755432 40.71525937 22.85552029],7.784779866536458,[152.58062131 102.17148813  88.99939901],6.676228841145833,[166.81195363 175.5495259  187.05557223],6.3503265380859375,[212.13927745 148.66618348 121.62926553],4.8086484273274746,[175.62846727 199.34367491 218.47600416],3.4543355305989585
IMG_1111.JPG,[204.92780379 200.43381238 192.7618005 ],20.19434799382716,[52.99704456 54.30304345 35.24840993],15.445216049382715,[168.93481069 156.67331663 140.29233556],11.13990162037037,[26.93084041 27.8904076   9.49031311],10.65504436728395,[86.23342164 84.66484863 39.90306327],10.215952932098766,[199.15820869 177.90178073 152.41565533],9.828510802469136,[133.19119364 108.61575776  58.71140129],7.2291184413580245,[169.43219198 137.56931674  91.7214002 ],7.124083719135803,[118.8489086  123.57191549 126.13995564],4.1302565586419755,[82.86995617 87.95729744 89.37282478],4.037567515432099
IMG_1114.JPG,[181.03256788 194.80477292 218.9106467 ],15.330863646096429,[160.71251947 165.71385585 176.33065173],13.012941682994384,[219.23651784 219.95113571 222.57230804],12.156110634006627,[94.50321868 80.51591634 77.32721193],11.059026138930268,[160.71575995 140.05352798 127.15046804],9.652156294824477,[137.66476914 110.50589892  95.8196582 ],9.492831537092506,[19.81604842 14.66150231 14.67353507],8.085501216808302,[112.51450086 117.40330239 133.24873741],7.622031943232496,[59.40897609 48.13380445 44.52512902],7.427135400717883,[208.84900306 173.17715257 153.79682249],6.161401505296627
IMG_1115.JPEG,[7.36139292 5.05051614 5.43669715],20.768760558936677,[33.75616175 25.39231466 24.7398982 ],17.396547863787173,[65.72035501 46.11645527 40.30940526],10.862315282216207,[232.08102114 226.6277385  221.54768716],9.838162032608032,[130.84204496  98.17977323  85.83541927],9.105238250320584,[205.90427855 197.65740106 191.11057234],8.999171823159438,[154.91085466 125.60277086 112.89646345],8.43888029473427,[97.29126606 71.70366181 63.26098588],7.104828614463962,[180.97221306 160.57206861 147.95896075],6.084968908384051,[ 80.05229826 189.14917716 233.81538985],1.401126371389607
IMG_1116.JPEG,[228.00893633 220.5421103  211.88010446],15.825939178466797,[209.80516391 194.46711888 172.69607092],13.364028930664062,[44.23038537 26.25032652 16.78655996],11.262003580729168,[79.50153284 62.22518964 48.34493091],10.098997751871746,[166.86150443 129.11375565  78.46328662],9.122117360432942,[123.36178526  96.52539643  80.39441043],9.045950571695965,[132.36794327  89.59075291  40.18442176],8.835633595784504,[198.01711386 164.6818664  116.9051772 ],8.455371856689453,[95.1688885  51.83612613 15.41360473],7.942517598470052,[164.05071455 148.78660602 142.7675513 ],6.0474395751953125
IMG_1117.JPEG,[209.64284553 191.8554067  171.45174712],16.99784596761068,[121.61649586  94.91584432  68.88090109],14.351304372151693,[182.66380504 165.17786892 148.72111583],12.488492329915363,[163.31053234 146.23300757 128.05272418],11.974557240804035,[139.76224047 117.27427232  93.41565737],10.329341888427734,[23.26937952 18.02362967 15.15327521],9.657955169677734,[58.63234421 40.26859775 28.4743772 ],9.22838846842448,[95.64242869 67.15046572 41.45256496],7.974529266357422,[173.87211027 111.32197762  28.47993047],3.860632578531901,[225.96466922 221.84122605 217.7050728 ],3.1369527180989585
IMG_1120.JPEG,[207.09278371 212.62446508 218.86079857],12.897237141927084,[64.76648696 64.07699419 62.39815419],12.02383041381836,[43.86438079 42.68278571 39.09749453],11.77345911661784,[166.51678155 161.07587588 154.35143132],10.57116190592448,[142.51509137 138.1863754  133.98352597],10.009288787841797,[18.42214854 18.45234263 15.05459546],9.897391001383465,[91.26777237 89.10972051 86.64640334],8.962853749593098,[118.56415642 114.5896251  111.3225613 ],8.830006917317707,[226.9977834  231.88935552 239.96206951],8.525435129801433,[190.27155319 184.59004825 177.63341293],6.509335835774739
IMG_1122.JPEG,[3.24097529 3.84927634 3.39267849],24.30582046508789,[23.56543161 21.61664335 20.89433861],16.983413696289062,[112.71765922 111.2081616  107.51823262],10.978253682454426,[131.1378881  128.02604024 124.18593618],9.488964080810547,[94.83110888 91.69335886 87.41481018],8.903217315673828,[151.6220612  147.65765799 143.36396722],8.582623799641926,[71.7627374  68.90129856 65.8319656 ],6.392097473144531,[194.15942768 180.96510726 173.94325744],5.984528859456381,[46.97746382 40.94072322 39.17592744],5.4256439208984375,[244.65943893 245.41669447 241.46254668],2.9554367065429688
IMG_1131.JPEG,[223.15731676 234.7316529  241.39210685],22.1710205078125,[234.57762667 243.91125787 249.02918619],13.483015696207682,[45.6032932  54.56531807 63.62187125],12.357139587402344,[66.53159952 76.90638684 86.68134896],10.251903533935547,[12.90831684 17.64934521 22.19644625],10.194905598958332,[ 90.10732752 104.96911023 119.04275337],10.008494059244793,[211.93494157 225.04467847 232.57282206],9.088834126790363,[28.69419503 35.43702641 42.26114378],7.583332061767578,[128.13727668 139.63902132 147.82303138],3.0303955078125,[168.34072721 180.7578636  189.39279749],1.8309593200683594
IMG_1135.JPEG,[17.08368262 32.57356992 78.43936625],37.42411931355794,[26.33380232 42.37462778 89.21846811],17.4774169921875,[10.81334201 23.29019849 65.07749701],9.041595458984375,[ 43.72701749  63.39126789 113.75701909],8.710956573486328,[11.46637107 12.90706672 19.20145653],6.923961639404297,[143.89427906 124.18178974 118.50495086],5.993684132893881,[226.85061562 247.6526638  251.42714269],5.168183644612631,[ 66.39955822  94.47827922 155.02225954],3.5448710123697915,[176.17913609 203.81052858 240.30212562],3.2504399617513022,[111.58716329 147.83921897 201.75213301],2.464771270751953
IMG_1136.JPEG,[28.29739265 42.59940135 87.71670031],54.926395416259766,[159.28445336 143.60584979 125.43859935],15.047423044840494,[ 50.05636419  70.97333887 127.32085996],6.648190816243489,[85.49810585 79.13007128 81.44673924],5.311806996663412,[31.15943651 29.92648432 43.99563408],5.1405270894368496,[210.13629179 230.44291853 250.9220248 ],4.0098508199055996,[201.11089743  88.36106199  80.73406301],2.4629275004069013,[141.89184546 182.04450431 236.37446569],2.312183380126953,[ 90.44227604 114.16356699 181.35819874],2.1871566772460938,[ 11.1593378   94.94446432 220.36568985],1.9535382588704426
IMG_1137.JPEG,[12.97178576 24.31270201 58.22770515],54.48748270670573,[131.17117508 117.43474961 104.67315983],9.676265716552734,[34.50519683 49.93291116 92.49241024],9.163761138916016,[ 9.25236188  9.34819776 15.79006303],6.611855824788411,[118.18036421  85.24511938  78.06424823],6.396389007568359,[216.07870377 232.9112517  249.43297021],4.146607716878256,[145.96495844 194.99304233 244.05773105],2.893829345703125,[ 17.5721671   96.72694517 218.77569191],2.432568868001302,[ 68.42627494  84.96432463 144.69016775],2.3634274800618487,[121.29123217 136.89816203 191.82762529],1.8278121948242188
IMG_1145.JPEG,[43.63084271 43.30753086 41.60139101],16.511249542236328,[157.72294444 157.54413811 153.68586723],12.76108423868815,[236.54979707 241.57848104 244.76500513],10.473442077636719,[133.43693213 131.16955845 127.10529895],10.297425587972004,[15.95033851 16.89821048 17.64119306],9.897994995117188,[71.77052386 70.58237367 67.38352754],9.836546579996746,[180.37437038 181.71146923 179.43259866],8.536179860432942,[104.59210476  96.6887587   88.54667429],8.235994974772137,[153.25793826 120.78116512  88.96526603],7.355086008707683,[209.75232155 213.78974359 215.04989092],6.094996134440104
IMG_1153.JPEG,[237.82448575 241.13420551 245.0290628 ],29.097239176432293,[230.18814375 233.22907688 238.80019622],20.387935638427734,[246.11244408 248.8517201  250.74671695],18.114121754964195,[43.23147526 43.90922391 39.71634549],12.627569834391275,[218.92474091 222.17693255 231.03468677],7.325490315755208,[5.34594555 6.71188531 9.82406557],6.574312845865886,[22.39543744 23.0955748  23.39098238],2.6615460713704424,[194.93052182 197.88956362 205.93741101],1.559321085611979,[82.25548832 82.3822474  84.16345342],0.9039560953776041,[139.38431106 140.05759986 142.09507806],0.7485071818033855
IMG_1154.JPEG,[237.27303442 239.685346   241.4253216 ],30.493545532226562,[107.54935768 106.32343164  92.02011059],22.804768880208336,[95.26895254 94.91028689 85.13963053],20.4374631245931,[13.79180679 15.30739141 19.69890527],7.186667124430339,[119.73092924 124.37885989 120.1738626 ],6.224950154622396,[70.88555367 74.4700668  73.88355701],4.739030202229818,[43.65971601 47.24882332 49.95218131],4.0353457132975254,[157.1482494 158.9915846 156.3883436],1.9264856974283855,[214.33357155 181.86936139 131.05834429],1.1119206746419272,[195.73005835 199.60975163 203.33116427],1.0398228963216147
IMG_1157.JPEG,[235.72209764 238.57097678 234.73690702],22.580814361572266,[115.30869897 114.11104331 106.00195255],19.782733917236328,[226.63923742 230.28209224 229.33421028],17.673015594482422,[248.52486524 250.61867577 245.12888117],10.66296895345052,[223.60138763 225.82342201 211.20449966],9.355449676513672,[12.87928713 15.01929528 19.95104681],8.744366963704426,[78.27274872 79.79369719 75.68296415],4.1551272074381504,[48.14039025 50.93722337 48.2046111 ],3.089396158854167,[146.59235223 148.57209295 143.89805006],2.0900726318359375,[180.75341532 182.6912411  176.62235547],1.8660545349121094
IMG_1159.JPEG,[91.70568899 81.52458657 70.22443745],22.35835393269857,[227.15373188 229.55075808 234.14899172],21.886380513509117,[77.67610065 70.43055437 63.09742526],11.909993489583332,[241.9508681  243.53193189 243.49154688],11.579449971516926,[217.58698611 219.51920649 220.04530102],10.235436757405598,[ 9.91423976 10.21616524 15.99727485],6.402428944905599,[113.20819066 107.97028418 102.83995442],5.827585856119791,[35.14937282 34.8661936  35.11090934],5.675601959228516,[189.79767049 190.84881486 191.59845088],2.703380584716797,[152.57724713 151.709902   157.63957252],1.4213879903157554
IMG_1160.JPG,[51.08115687 51.93345849 50.22927245],18.432725694444443,[72.15760475 76.69888857 76.02881448],18.197675540123456,[33.24254682 24.59707038 14.19135001],11.119502314814815,[133.56272974  93.2880512   46.94124598],10.700761959876544,[104.29511592  72.5658313   34.22015118],9.705150462962962,[218.34438115 162.61288823  93.70010888],7.263599537037037,[163.14815696 116.99944023  64.30422766],6.8920717592592595,[117.0337781  152.39480434 173.45853423],6.868489583333333,[ 91.37976556 108.22295649 116.42949414],6.094618055555555,[209.2835355  216.62096651 216.4105057 ],4.725405092592593
IMG_1172.JPG,[214.91086995 204.90651679 183.38928094],21.957127700617285,[196.09485141 183.25845138 161.28912879],13.736159336419753,[170.75724055 159.9805071  145.03516748],11.657793209876544,[150.97600421 139.17926052 125.28188699],10.659818672839506,[18.19042547 19.66229547 24.67760358],8.981529706790123,[228.51964013 224.58137168 212.16769081],8.86014660493827,[96.69697224 72.77285516 61.18501099],6.893711419753086,[50.68943246 46.62997031 48.13537883],6.102237654320987,[107.31870246  97.17673897  93.63038623],6.06983024691358,[145.57848027 114.06449472  91.7264142 ],5.081645447530865
IMG_1174.JPEG,[216.74592798 207.61833794 199.22050021],29.98800277709961,[230.5277807  224.10871214 216.93279908],22.96320597330729,[69.74407891 52.42197595 40.51995106],10.901482899983723,[47.07436292 32.00784214 22.42974444],8.807690938313801,[84.75136368 69.40921948 56.31595444],7.080586751302083,[109.89778408  94.79347591  74.21599588],6.182416280110678,[24.53822315 13.78475579  8.46628228],5.195395151774088,[138.21138402 127.43363736 112.32123529],4.1818300882975254,[181.54917151 194.08011504 193.37447046],2.469412485758464,[165.3815339  154.34977417 141.59860188],2.2299766540527344
IMG_1176.JPEG,[90.54663039 64.713679   46.31965749],17.086410522460938,[117.37068663  84.81898391  58.62379652],14.35995101928711,[135.24502983 104.15114429  83.55125658],11.562633514404297,[168.77993217 126.35999718  94.37712395],10.816129048665363,[35.51632609 22.69319706 13.71352418],10.622564951578777,[68.668714   45.30871852 28.10339077],10.419336954752605,[196.52238239 153.91449998 121.43329612],9.54885482788086,[210.01456628 182.98763643 153.04822268],6.711991628011067,[155.66497127 142.57935476 134.62800035],4.71947987874349,[233.72544412 214.46943384 181.75525637],4.152647654215494
IMG_1177.JPEG,[179.19718212 138.09782461 105.81995   ],13.73284657796224,[91.3115694  70.28911127 57.20757614],13.52853775024414,[118.28824846  92.20120045  77.12222787],13.31008275349935,[203.44385667 165.79945634 133.42619745],12.998739878336588,[146.78329462 113.67686965  89.25344172],12.42348353068034,[70.97356202 47.42141545 29.28074913],10.260550181070965,[29.89102127 20.89119745 15.65038406],8.141422271728516,[119.51366621  74.51466858  31.87070384],6.277561187744141,[228.99682579 207.87949916 179.72277267],5.6070009867350254,[153.90725224 153.46115937 162.68215167],3.7197748819986978
IMG_1187.JPEG,[12.30126148  5.32653786  2.27087881],19.68571345011393,[145.2341266  128.91782153 117.60216443],15.309747060139975,[36.11422131 20.26986908 14.3149746 ],14.182694753011068,[161.61937439 142.34580321 128.52999836],10.886255900065105,[58.6271113  36.93756697 28.45152221],10.391585032145183,[81.70211071 59.48080887 47.47780833],6.459108988444011,[129.21721204  99.76183378  52.78647149],6.298096974690755,[133.32749399 113.35204351  89.1344263 ],6.035614013671875,[189.07116532 172.45547366 157.85588229],5.710093180338541,[105.64050141  86.70217801  70.07888809],5.041090647379557
IMG_1188.JPEG,[8.98399951 4.33137933 2.44468584],27.339649200439453,[29.18339226 17.85240732 11.57045713],18.282063802083336,[47.82851501 32.83458855 20.94409692],11.003081003824871,[66.95905411 48.42606515 32.52740985],9.446907043457031,[119.67310779 102.87206699  90.01228975],7.8713734944661455,[84.26396128 66.14938906 50.10465492],7.837009429931641,[100.58967406  85.37232633  71.68912098],7.130591074625651,[174.27104014 159.88111713 148.55151962],4.566637674967447,[136.33543226 122.07231957 111.97006977],4.2550722757975254,[197.30288927 181.65337221 168.28470694],2.2676150004069013
IMG_1189.JPEG,[6.99519369 3.36509065 1.37712194],29.73044713338216,[59.33927135 47.2586111  36.79486893],15.083662668863932,[75.86956598 60.71674387 48.84162681],12.627379099527994,[25.63229706 18.55900797 10.0304568 ],11.493301391601562,[44.93819674 30.39779883 22.08977662],11.184501647949219,[90.30210027 74.50276245 61.76937422],10.926469167073567,[38.43745998 41.63608383 13.38205142],4.121939341227213,[107.80091552  92.7635425   80.27502832],3.4236272176106772,[134.65943203 119.93302997 105.82870348],1.3343175252278647,[219.69174861 206.31167165 193.97862334],0.07435480753580728
IMG_1191.JPEG,[191.22950617 167.75684095 144.19702708],13.184642791748047,[27.86086306 16.80487561 12.36535296],12.730089823404947,[55.76318328 36.47646768 26.15792779],11.303774515787762,[81.14729409 56.27438857 44.77284802],10.7513427734375,[218.36766529 197.89472014 170.82970368],10.709190368652344,[138.59578027 107.01897912  87.09263117],10.502910614013672,[116.73995326  79.43771679  57.85956582],9.856033325195312,[171.76523268 138.4837373  112.24889574],9.372266133626301,[190.64151766 118.62306771  49.53095104],6.9260915120442705,[236.33888756 224.50166011 208.31053911],4.663658142089844
IMG_1192.JPEG,[177.20484969 168.50985426 157.969859  ],17.020416259765625,[190.43009985 183.00006767 174.0982335 ],14.562098185221354,[133.20273982 119.0326097  105.87462339],11.722787221272785,[111.58761266  95.10302748  80.45052779],10.989125569661457,[159.86851462 144.38965594 127.71650709],9.969298044840496,[85.03264744 70.74165811 58.43624616],9.717877705891926,[207.71200638 201.36928685 192.93371163],8.929856618245442,[54.37304052 45.02002637 36.74003453],7.261466979980469,[17.93689207 14.18688369 10.29085629],6.603240966796875,[230.94989794 227.37011034 220.60271366],3.223832448323568
IMG_1205.JPEG,[173.60234826 166.2856238  161.11122368],31.81743621826172,[18.17452596 14.61292406 14.84377112],17.061583201090492,[148.03518527 139.0034849  131.96333382],9.343846638997395,[159.48163911 104.95323958  41.58939069],7.955201466878255,[62.91758451 49.7551795  38.55021005],7.525539398193359,[246.31753419 245.73636636 243.2941855 ],7.220013936360677,[188.79357218 136.32888454  69.15081262],6.957403818766276,[107.31799267  93.33475231  80.6961375 ],4.96063232421875,[205.55675545 200.30901425 195.07588156],4.848289489746094,[232.0423983  230.03092145 225.52215556],2.3100535074869795
IMG_1208.JPEG,[158.92111354 153.79536084 146.65706981],23.34171930948893,[22.84874535 25.29773884 35.83032229],17.421468098958336,[141.98202473 137.7764973  138.09961304],13.084538777669271,[43.08643598 46.03058697 61.92912201],11.861069997151692,[118.88933262 113.80298673 113.67063253],10.67037582397461,[83.07801781 81.79481477 91.85273898],8.62143834431966,[181.70038312 176.55213693 187.95715596],5.126984914143881,[227.47285379 234.32144606 239.35939265],4.863866170247396,[184.88401222 200.30610445 233.23911606],4.053560892740885,[ 86.49688614 148.5936657  216.38099044],0.9549776713053385
IMG_1209.JPEG,[197.199654   191.44430719 180.31966842],21.079444885253906,[186.25110425 179.63931785 170.40213761],16.77516301472982,[209.63048095 209.31710705 210.29650193],13.978449503580729,[49.42569288 48.84326335 54.82646445],10.740947723388672,[66.92716476 65.84899005 76.11253704],8.241780598958332,[28.71544695 29.02000838 33.94021552],7.65994389851888,[234.86663378 237.89025131 242.74490319],6.708590189615886,[127.91894576 124.02817256 129.66087334],5.05835215250651,[159.55636125 153.21678041 150.75166798],4.969819386800131,[94.78814581 90.19625134 97.0015636 ],4.787508646647135
IMG_1210.JPEG,[150.41445389 140.28945813 122.03469897],17.102686564127602,[40.81276647 38.24494398 38.54648093],15.763250986735025,[172.04659098 161.29803051 138.72518694],13.021151224772135,[13.82209808 12.72244982 12.96272354],10.755348205566406,[222.19983043 201.20720508 151.54862681],9.556770324707031,[189.56188147 182.15990219 169.58643768],8.239078521728516,[75.9426628  69.44146878 64.09914202],7.782268524169922,[112.9638988  105.52021547  96.24062389],6.881237030029297,[216.33841615 210.33081458 200.58860871],6.31252924601237,[232.26312399 233.86645702 237.93211335],4.585679372151693
IMG_1214.JPEG,[64.56410104 57.52185163 49.43739738],19.305356343587242,[85.17567134 78.11117216 70.37956182],15.915934244791666,[43.13885993 38.27705901 32.37601255],14.539432525634766,[111.54859358 100.5072256   85.17206544],13.885180155436197,[17.0538581  14.58838018 14.92278316],10.99103291829427,[140.04502535 127.75434304 100.05256476],10.94045639038086,[144.55368507 135.80552982 145.42499732],6.8116505940755205,[192.08680396 174.5687318  138.27568444],2.973175048828125,[ 74.54048257  93.38879145 171.70812496],2.69012451171875,[241.12951448 242.45873521 234.58782538],1.9476572672526042
IMG_1215.JPEG,[8.70336437 8.81885297 7.93794205],24.315452575683594,[77.06940561 71.16346589 66.77100351],16.78457260131836,[55.52261944 52.44621652 49.05316464],13.739204406738281,[27.89409458 26.72434418 25.1406018 ],11.88364028930664,[100.19967322  92.62281685  85.65409752],11.400953928629558,[114.47637015 112.62306683 116.8000109 ],7.577451070149739,[126.33879337 137.41473794 160.41347315],6.136067708333334,[151.67620063 130.6670057   94.53080425],3.8813908894856772,[183.03176546 171.64603875 159.5572396 ],2.785015106201172,[242.31654829 238.36090673 220.48505082],1.496251424153646
IMG_1221.JPEG,[119.48119425 118.59264562 116.14566585],38.65766525268555,[141.82688496 130.92776372 117.81526327],17.83428192138672,[15.74553166 16.09834613 17.24344697],11.912981669108074,[54.33880355 38.44196119 29.05355953],9.113502502441406,[109.15021625 103.03168274  94.89087378],7.724666595458984,[79.37946083 68.67509612 62.85890886],4.224077860514322,[148.47773979 160.48038917 171.79566611],3.5524686177571616,[180.18852554 202.34788976 220.66891656],3.2782872517903647,[229.59032013 247.10480449 247.59726262],3.048960367838542,[226.48010894 221.45010213 166.94708686],0.6531079610188801
IMG_1223.JPEG,[111.06710124 109.79538024 108.60829438],27.08441416422526,[123.76633794 122.89250354 121.328624  ],19.54758961995443,[13.40101548 15.32469122 17.54457782],15.55941899617513,[ 93.48990753  98.96431219 100.67785379],9.880542755126953,[227.94700325 250.19210971 250.01958819],6.826845804850261,[ 99.73266124 117.47446346 141.08376902],5.654207865397135,[136.84598278 144.63904624 152.19677323],4.979419708251953,[58.29976019 50.39442344 45.72767549],3.910954793294271,[191.9714479  213.17154126 222.71423127],3.3453941345214844,[157.06166225 177.92268159 192.03388199],3.211212158203125
IMG_1224.JPEG,[75.44673801 75.44240476 74.57577279],20.50574620564779,[ 7.90023156  9.98494123 11.50193242],15.553887685139975,[60.088683   59.34641951 58.26060282],15.296586354573568,[101.6006074  111.05027103 121.30638543],12.409019470214844,[86.22165941 89.55254491 92.46991644],11.988417307535808,[116.23385267 132.99689621 147.44564299],6.275208791097005,[139.25556439 163.52620576 179.12021246],5.602073669433594,[211.99717109 243.5228151  250.18357133],4.224300384521484,[172.45775694 206.0315425  223.059079  ],4.156017303466797,[40.19878543 39.7350112  38.88991608],3.9887428283691406
IMG_1225.JPEG,[3.11415345 5.66224789 9.58891413],18.486436208089195,[131.40398872 145.48619076 173.81451377],16.099929809570312,[155.65921247 161.49903361 177.51925572],13.115342458089193,[18.27031032 21.29371552 26.92264604],10.941727956136067,[179.38287157 176.50640937 180.9585879 ],10.603618621826172,[200.02364038 195.21596112 193.20271923],10.39113998413086,[31.83766231 35.60535371 44.31183915],8.12050501505534,[231.81708467 220.36543732 203.38507308],5.047480265299479,[52.70814567 59.2629656  69.98825175],5.046431223551432,[ 80.8778982   88.76792218 100.1366409 ],2.147388458251953
IMG_1226.JPEG,[3.31017908 4.67112672 5.60504771],34.34098561604817,[13.95029913 16.34096978 20.54292713],14.759222666422525,[124.28592932 134.74813274 160.01266113],11.654631296793621,[164.16658236 161.57349738 164.84521542],10.594367980957031,[143.43992529 150.43134826 165.07558368],9.852790832519531,[183.36683677 175.45754579 171.1962703 ],7.996940612792969,[203.53362429 192.49136482 182.55199436],4.613081614176432,[34.10999546 38.17969468 43.34231881],2.9045740763346357,[231.27614067 213.98023021 189.3747406 ],2.3084640502929688,[113.60581035 114.93660845 123.36840215],0.9749412536621094
IMG_1237.JPG,[29.65152402 23.53154212 18.49739959],26.93287037037037,[77.9131407  64.61618509 48.87503106],13.21069637345679,[170.77425298 154.29016512 132.78002243],10.973717206790123,[225.49693553 208.92842674 180.98111067],9.321807484567902,[135.14008737 115.12119073  93.60310122],8.332127700617283,[228.06672722 154.46817818  49.40326166],8.062210648148147,[204.41284257 116.08671164  25.5253488 ],7.848717206790123,[146.02001491  86.38802584  20.34624048],5.824797453703703,[235.87319905 179.32356165  88.09558301],5.493682484567901,[184.9279238  132.61545696  65.21515553],3.9993730709876543
IMG_9099.JPEG,[42.56583549 30.82248846 24.05252252],18.200747172037758,[14.2725392   9.61287842  8.16950108],15.356254577636719,[67.98397586 50.18149528 36.82765609],13.69622548421224,[82.28963183 73.93150919 64.39135636],11.54610315958659,[130.8540363  121.68728291 105.8803159 ],11.302630106608074,[117.56407202  95.59870008  71.06000604],9.518782297770183,[153.47655277 151.97776845 145.6456255 ],8.985137939453125,[176.23831136 152.36581528 111.78575609],5.760637919108072,[203.76970655 185.84816783 154.80995246],3.3937772115071616,[164.33554563 203.07760051 225.97228958],2.239704132080078
IMG_9307.JPEG,[148.534904   131.25027883 102.67341605],22.23037083943685,[128.08205649 111.47319489  85.05465864],18.60297520955404,[175.0255201  154.76626633 120.96686935],12.583510080973307,[101.8338028   93.28472609  68.05142405],12.112998962402344,[196.95046641 187.68603042 163.98728314],10.88279088338216,[67.14958026 58.78701091 36.06129057],7.32723871866862,[20.2552164  17.77780056  9.1810402 ],5.906709035237631,[202.21973741 229.78637041 233.15235897],4.626210530598959,[222.26914511 146.38107034  25.54519057],3.0539194742838545,[165.23369009  94.46647639  39.13181115],2.6732762654622393
IMG_9313.JPEG,[104.79009385  83.73558517  61.70899394],22.262986501057945,[127.68588837 108.33825332  87.26433965],18.143113454182945,[71.98813082 55.75000302 39.30116595],15.748214721679688,[160.10730247 134.09850398 108.12280483],12.50009536743164,[152.34123944 157.39094924 168.23107558],8.804130554199219,[17.18332936 11.96872791  8.27629251],7.601642608642578,[198.82527384 174.76157771 153.33480383],4.88592783610026,[222.06328869 233.05930899 232.9218089 ],4.427210489908854,[165.78590421 190.27877788 205.74894302],3.14178466796875,[ 92.79405526 118.76282363 155.68814374],2.484893798828125
